Coder intials,DOI,Link,TITLE,AUTHORS,YEAR,Citation,Number of Figures,Figure numbers if multiple panels,Number of Tables,Matrix Display,Network,Flowchart,Box display,Modified Venn Diagram ,Taxonomy,Ladder,Metaphorical visual display,Decision tree model,Data-Based Graphs,Mixed Media,Screenshots,Other,Video,Non visual Audio,Photographs,Drawings,Audience Accessibility,Descriptive,Exploratory,Explanatory,Interpretive,Persuasive,Objectivism,Constructivism,Subjectivism,Comment
CO,10.1177/1468794120974150,10.1177/1468794120974150,"Implicit influence on body image: methodological innovation for research into embodied experience
",Hannah Lovell and Janet Banfield ,2020,"Lovell, H., & Banfield, J. (2022). Implicit influence on body image: methodological innovation for research into embodied experience. Qualitative Research, 22(1), 40-55. https://doi.org/10.1177/1468794120974150",3,,,,,,3,,,,,,,,,,,,,,Yes,,,,1,,,,1,3 transcript boxes = box displays
CO,10.1177/1049732320921143,10.1177/1049732320921143,"Qualitative Methods in Health Policy and Systems Research: A Framework for Study Planning
","Michael P. Fisher, Mika K. Hamer",2020,"Fisher MP, Hamer MK. Qualitative Methods in Health Policy and Systems Research: A Framework for Study Planning. Qualitative Health Research. 2020;30(12):1899-1912. doi:10.1177/1049732320921143",0,,4,4,,,,,,,,,,,,,,,,,Yes,1,,,,,1,,,
CO,10.1177/1049732320925796,10.1177/1049732320925796,"Expectations and Concerns of Older Adults With Cognitive Impairment About Their Relationship With Medical Providers: A Call for Therapeutic Alliances
","Elena Portacolone, Kenneth E. Covinsky, Julene K. Johnson, Jodi Halpern",2020,"Portacolone E, Covinsky KE, Johnson JK, Halpern J. Expectations and Concerns of Older Adults With Cognitive Impairment About Their Relationship With Medical Providers: A Call for Therapeutic Alliances. Qualitative Health Research. 2020;30(10):1584-1595. doi:10.1177/1049732320925796",0,,0,,,,,,,,,,,,,,,,,,Yes,,,,1,,,,1,
CO,10.1177/1049732320902456,10.1177/1049732320902456,"Making Come-Alive and Keeping Un-Alive: How People Relate to Self-Guided Web-Based Health Interventions
","Marianne T. S. Holter, Ottar Ness, Ayna B. Johansen†, Håvar Brendryen",2020,"Holter MTS, Ness O, Johansen AB, Brendryen H. Making Come-Alive and Keeping Un-Alive: How People Relate to Self-Guided Web-Based Health Interventions. Qualitative Health Research. 2020;30(6):927-941. doi:10.1177/1049732320902456",2,,1,1,,1,1,,,,,,,,,,,,,,No,,,,1,,,1,,Box display for the 1 weird info box
CO,10.1177/1468794120922144,10.1177/1468794120922144,Curation as methodology,Lindsay Persohn,2020,"Persohn, L. (2021). Curation as methodology. Qualitative Research, 21(1), 20-41. https://doi.org/10.1177/1468794120922144",9,,0,3,,,,,,,,,,,4,,,,2,,Yes,,,,1,,,1,,
CO,10.1177/1077800420917417,10.1177/1077800420917417," Living Histories, Local Stories, of Race, Place, and Education: A Qualitative Study From the CSRA Oral History Project in Readers Theater
","Molly Quinn, Darla Linville, Niki Christodoulou",2020,"Quinn, M., Linville, D., & Christodoulou, N. (2020). Living Histories, Local Stories, of Race, Place, and Education: A Qualitative Study From the CSRA Oral History Project in Readers Theater. Qualitative Inquiry, 27(3-4), 334-345. https://doi.org/10.1177/1077800420917417",0,,0,,,,,,,,,,,,,,,,,,Yes,,,,1,,,1,,
CO,10.1177/1468794120936123,10.1177/1468794120936123,When access is denied: Conducting an interview through letter writing,Emma Burtt,2020,"Burtt, E. (2020). When Access Is Denied: Conducting an Interview Through Letter Writing. Qualitative Research, 21(6), 813-828. https://doi.org/10.1177/1468794120936123
",0,,0,,,,,,,,,,,,,,,,,,Yes,,,,1,,,,1,
CO,10.1177/1077800420922251,10.1177/1077800420922251,Post Qualitative Research: An Idea for Which the Time Has Come,Angelo Benozzo,2020,"Benozzo, A. (2020). Post Qualitative Research: An Idea for Which the Time Has Come. Qualitative Inquiry, 27(2), 167-170. https://doi.org/10.1177/1077800420922251&#8203;:contentReference[oaicite:0]{index=0}",0,,0,,,,,,,,,,,,,,,,,,Yes,,,,1,,,,1,
CO,10.1177/1049732320911630,10.1177/1049732320911630,"How Primary Care Physicians Elicit Sensitive Health Information From Patients: Describing Access to Psychosocial Information
","Charles R. Senteio, Deborah B. Yoon",2020,"Senteio, C. R., & Yoon, D. B. (2020). How Primary Care Physicians Elicit Sensitive Health Information From Patients: Describing Access to Psychosocial Information. Qualitative Health Research, 30(9), 1338-1348. https://doi.org/10.1177/1049732320911630&#8203;:contentReference[oaicite:1]{index=1}",1,,1,,,1,,,,,,,,,,,,,,,Yes,,,1,,,1,,,
JJ,10.1177/1049732320962438,10.1177/1049732320962438,"The Weight of Words: Co-Analysis of Thick Ethnographic Description and ""Friction"" as Methodological Strategies in a Health Policy Research Partnership
","Victoria Loblay. Kathleen P. Conte, Sisse Grøn, Amanda Green, Christine Innes-Hughes, Andrew Milat, Lina Persson, Mandy Williams, Jo Mitchell, and Penelope Hawe",2020,"Loblay V, Conte KP, Grøn S, et al. The Weight of Words: Co-Analysis of Thick Ethnographic Description and “Friction” as Methodological Strategies in a Health Policy Research Partnership. Qualitative Health Research. 2021;31(4):754-766. doi:10.1177/1049732320962438",1,,0,,,,1,,,,,,,,,,,,,,Yes,1,,,,,,1,,"Not labeled as a figure, labeled as Box 1"
JJ,10.1177/1468794120927683,10.1177/1468794120927683,"You can't eat art! But can arts-based research challenge neighbourhood stigma?
","Deborah Warr, Gretel Taylor, Keith Jacobs",2020,"Warr, D., Taylor, G., & Jacobs, K. (2021). You can’t eat art! But can arts-based research challenge neighbourhood stigma? Qualitative Research, 21(2), 268-287. https://doi-org.offcampus.lib.washington.edu/10.1177/1468794120927683",3,"2,3",0,,,,,,,,,,,,,,,,3,,Yes,3,,,,,,1,,
JJ,10.1177/1468794120918812,10.1177/1468794120918812,"Bodies in the field: methodological reflections on Tai Chi and pregnancy in an ethnographic study at a Chinese community centre in the North West of England
",Naomi Wood,2020,"Wood, N. (2021). Bodies in the field: methodological reflections on Tai Chi and pregnancy in an ethnographic study at a Chinese community centre in the North West of England. Qualitative Research, 21(5), 736-749. https://doi-org.offcampus.lib.washington.edu/10.1177/1468794120918812",0,,0,,,,,,,,,,,,,,,,,,,,,,,,,1,,
JJ,10.1177/1468794119899370,10.1177/1468794119899370,"Disrupting Rape Culture: Public Space, Sexuality and Revolt",Emma Milne,2020,"Milne, E. (2021). Book Review: Alexandra Fanghanel, Disrupting Rape Culture: Public Space, Sexuality and Revolt. Qualitative Research, 21(2), 306-307. https://doi-org.offcampus.lib.washington.edu/10.1177/1468794119899370",0,,0,,,,,,,,,,,,,,,,,,,,,,,,1,,,
JJ,10.1177/1468794120934394,10.1177/1468794120934394,A Possible Anthropology: Methods For Uneasy Times,Robert Meckin,2020,"Meckin, R. (2021). Book Review: Anand Pandian, A Possible Anthropology: Methods For Uneasy Times. Qualitative Research, 21(4), 628-630. https://doi-org.offcampus.lib.washington.edu/10.1177/1468794120934394",0,,0,,,,,,,,,,,,,,,,,,,,,,,,1,,,
JJ,10.1177/1077800420932600,10.1177/1077800420932600,"Post-Qualitative Projects: Exhilarating and Popular ""Fashion""?",Mirka Koro,2020,"Koro, M. (2021). Post-Qualitative Projects: Exhilarating and Popular “Fashion”? Qualitative Inquiry, 27(2), 185-191. https://doi-org.offcampus.lib.washington.edu/10.1177/1077800420932600",0,,0,,,,,,,,,,,,,,,,,,,,,,,,1,,,Not labeled as figures but includes one drawing and one image
JJ,10.1177/1468794120904883,10.1177/1468794120904883,Engaging with care: ethical issues in Participatory Research,"Sonia Bussu, Mirza Lalani, Stephen Pattison, and Martin Marshall",2020,"Bussu, S., Lalani, M., Pattison, S., & Marshall, M. (2021). Engaging with care: ethical issues in Participatory Research. Qualitative Research, 21(5), 667-685. https://doi-org.offcampus.lib.washington.edu/10.1177/1468794120904883",0,,1,1,,,,,,,,,,,,,,,,,Yes,1,,,,,1,,,
JJ,10.1177/1468794120934404,10.1177/1468794120934404,"Instagram versus reality: the design and use of self-curated photo elicitation in a study exploring the construction of Scottish identity amongst personal style influencers on Instagram
",Madeleine Marcella-Hood,2020,"Marcella-Hood, M. (2021). Instagram versus reality: the design and use of self-curated photo elicitation in a study exploring the construction of Scottish identity amongst personal style influencers on Instagram. Qualitative Research, 21(6), 865-889. https://doi-org.offcampus.lib.washington.edu/10.1177/1468794120934404",7,Fig. 1,0,,,,,,,,,,,,7,,,,,,Yes,7,,,,,,1,,
JJ,10.1177/1049732320940702,10.1177/1049732320940702,"Intersectionality of Resilience: A Strengths-Based Case Study Approach With Indigenous Youth in an Urban Canadian Context
","Chinyere Njeze, Kelley Bird-Naytowhow, Tamara Pearl, Andrew R. Hatala",2020,"Njeze C, Bird-Naytowhow K, Pearl T, Hatala AR. Intersectionality of Resilience: A Strengths-Based Case Study Approach With Indigenous Youth in an Urban Canadian Context. Qualitative Health Research. 2020;30(13):2001-2018. doi:10.1177/1049732320940702",6,,2,2,,,,,,,,,,,,,,,6,,Yes,2,,,6,,,1,,Studies mixed Indigenous Methodologies and epistemologies
JJ,10.1177/1049732320942484,10.1177/1049732320942484,"Perspectives and Experiences of Obstetricians Who Provide Labor and Delivery Care for Micronesian Women in Hawai'i: What Is Driving Cesarean Delivery Rates?
","Rebecca Delafield, Jennifer Elia, Ann Chang, Bliss Kaneshiro, Tetine Sentell, Catherine M. Pirkle",2020,"Delafield R, Elia J, Chang A, Kaneshiro B, Sentell T, Pirkle CM. Perspectives and Experiences of Obstetricians Who Provide Labor and Delivery Care for Micronesian Women in Hawai‘i: What Is Driving Cesarean Delivery Rates? Qualitative Health Research. 2020;30(14):2291-2302. doi:10.1177/1049732320942484",2,,0,,,,,2,,,,,,,,,,,,,Yes,,,2,,,,1,,
MC (Recoded by JJ),"10.1177/1468794120937622","10.1177/1468794120937622","Inquiry on territorial governance in Brittany and Wales: reanalysis of qualitative data by using CAQDAS in a comparative setting
",Alistair Cole and Thibault Rioufreyt,2020,"Cole, A., & Rioufreyt, T. (2021). Inquiry on territorial governance in Brittany and Wales: reanalysis of qualitative data by using CAQDAS in a comparative setting. Qualitative Research, 21(4), 586-602. https://doi-org.offcampus.lib.washington.edu/10.1177/1468794120937622",6,0,4,4,1,0,0,0,0,1,0,0,,,,0,0,0,0,0,No,5,1,,,,,1,,"Figure in ""Other"" is a screenshot"
MC (Recoded by JJ),10.1177/1049732320913857,10.1177/1049732320913857,"Fierce Autonomy: How Girls and Young Women Impacted by Commercial Sexual Exploitation Perceive Health and Exercise Agency in Health Care Decision-Making
","Sarah M. Godoy, Laura S. Abrams, Elizabeth S. Barnert, Mikaela A. Kelly",2020,"Godoy SM, Abrams LS, Barnert ES, Kelly MA, Bath EP. Fierce Autonomy: How Girls and Young Women Impacted by Commercial Sexual Exploitation Perceive Health and Exercise Agency in Health Care Decision-Making. Qualitative Health Research. 2020;30(9):1326-1337. doi:10.1177/1049732320913857",1,0,0,0,0,0,0,0,1,0,0,0,,,,0,0,0,0,0,Yes,,,,1,,1,,,
MC (Recoded by JJ),10.1177/1049732320911627,10.1177/1049732320911627,Health Care Professionals' Awareness of a Child's Impending Death,"Kathie Kobler, Cynthia Bell, Agatha M. Gallo, Colleen Corte, and Catherine Vincent",2020,"Kobler K, Bell C, Kavanaugh K, Gallo AM, Corte C, Vincent C. Health Care Professionals’ Awareness of a Child’s Impending Death. Qualitative Health Research. 2020;30(9):1314-1325. doi:10.1177/1049732320911627",1,0,2,2,0,0,0,0,0,1,0,0,,,,,0,1,0,0,Yes,2,,,1,,1,,,
MC (Recoded by JJ),10.1177/1049732320926138,10.1177/1049732320926138,"Asian Immigrant Parents' Role Enactment While Accessing and Using Services for Their Child With Developmental Disabilities in the United States: A Meta-Synthesis Study
","I-Ting Hwang, Jessica M. Kramer, Ellen S. Cohn, and Linda L. Barnes",2020,"Hwang I-T, Kramer JM, Cohn ES, Barnes LL. Asian Immigrant Parents’ Role Enactment While Accessing and Using Services for Their Child With Developmental Disabilities in the United States: A Meta-Synthesis Study. Qualitative Health Research. 2020;30(11):1632-1646. doi:10.1177/1049732320926138",2,0,3,3,1,0,0,0,0,0,1,0,,,,0,0,0,0,0,Fig 2 - No,,4,,1,,1,,,
JJ,10.1177/1468794120980971,10.1177/1468794120980971,The participatory arts-based research project as an exceptional sphere of belonging,Caitlin Nunn,2020,"Nunn, C. (2020). The participatory arts-based research project as an exceptional sphere of belonging. Qualitative Research, 22(2), 251-268. https://doi-org.offcampus.lib.washington.edu/10.1177/1468794120980971 (Original work published 2022)",1,0,0,0,0,0,0,0,0,0,0,0,,,,,0,0,1,0,Fig 3 - No,1,,,,,,1,,
YA,10.1177/1468794120965362,10.1177/1468794120965362,"From textual to visual: the use of concept mapping as an analytical tool in a grounded theory study
",Titan Ligita,2020,"Ligita, T., Nurjannah, I., Wicking, K., Harvey, N., & Francis, K. (2022). From textual to visual: the use of concept mapping as an analytical tool in a grounded theory study. Qualitative Research, 22(1), 126-142. https://doi.org/10.1177/1468794120965362",5,0,0,0,3,2,0,0,0,0,0,0,,,,0,0,0,0,0,Yes,,1,3,1,,,1,,
YA,10.1177/1049732320916464,10.1177/1049732320916464,“Body as a Machine”: How Adolescents With Sickle Cell Disease Construct Their Fatigue Experiences,Brenda Agyeiwaa Poku,2020,"Poku BA, Caress A-L, Kirk S. “Body as a Machine”: How Adolescents With Sickle Cell Disease Construct Their Fatigue Experiences. Qualitative Health Research. 2020;30(9):1431-1444. doi:10.1177/1049732320916464",3,"A, B",0,0,0,0,0,0,0,0,1,0,,,,0,0,0,3,0,Yes,2,,,1,,,1,1,
YA,10.1177/1468794119899307,10.1177/1468794119899307,The Methodological Dilemma Revisited,Kathleen Gallagher,2020,"KATHLEEN GALLAGHER, The Methodological Dilemma Revisited. Abingdon: Routledge, 2018.
219 pp. ISBN: 978-1-138-55514-3 (pbk) £34.99.",0,0,0,0,0,0,0,0,0,0,0,0,,,,0,0,0,0,0,,,,,,,,1,,
YA,10.1177/1077800419897680,10.1177/1077800419897680,Beneath the Lemon Tree: An Interrupted Family Story,Maria K. E. Lahman,2020,"Lahman, M. K. E. (2021). Beneath the Lemon Tree: An Interrupted Family Story. Qualitative Inquiry, 27(1), 86–89. https://doi.org/10.1177/1077800419897680",0,0,0,0,0,0,0,0,0,0,0,0,,,,0,0,0,0,0,,,,,,,,,1,
YA,10.1177/1077800420912799,10.1177/1077800420912799,Five Threats to Phenomenology's Distinctiveness,Melissa Freeman,2020,"Freeman, M. (2021). Five Threats to Phenomenology’s Distinctiveness. Qualitative Inquiry, 27(2), 276–282. https://doi.org/10.1177/1077800420912799",0,0,0,0,0,0,0,0,0,0,0,0,,,,0,0,0,0,0,,,,,3,,,,1,
YA,10.1177/1049732320906143,10.1177/1049732320906143,"Taxonomy of Seniors' Needs for Food and Food Assistance in the United States
",Andrea M. Warren,2020,"Warren, A. M., Frongillo, E. A., Alford, S., & McDonald, E. (2020). Taxonomy of Seniors’ Needs for Food and Food Assistance in the United States. Qualitative Health Research, 30(7), 988–1003. doi:10.1177/1049732320906143",3,0,0,0,0,0,0,0,3,0,0,0,,,,0,0,0,0,0,Yes,,,,3,,,1,1,
JJ,10.1177/1077800419897702,10.1177/1077800419897702,Phenomenology of Science and the Art of Radical Questioning,"Helena Dahlberg, Karin Dahlberg",2020,"Dahlberg, H., & Dahlberg, K. (2020). Phenomenology of Science and the Art of Radical Questioning. Qualitative Inquiry, 26(7), 889-896. https://doi-org.offcampus.lib.washington.edu/10.1177/1077800419897702 (Original work published 2020)",0,,0,,,,,,,,,,,,,,,,,,,,,,,,1,,,
JJ,10.1177/1049732320964262,10.1177/1049732320964262,"Exploring the Link Between the Hazards and Value of Work, and Overcoming Risk for Community-Based Health Interventions for Immigrant Latinx Low-Wage Workers","Isabel Cuervo, Emma K. Tsui, Nadia S. Islam, Homero Harari, Sherry Baron",2020,"Cuervo I, Tsui EK, Islam NS, Harari H, Baron S. Exploring the Link Between the Hazards and Value of Work, and Overcoming Risk for Community-Based Health Interventions for Immigrant Latinx Low-Wage Workers. Qualitative Health Research. 2020;31(1):3-15. doi:10.1177/1049732320964262",0,,0,,,,,,,,,,,,,,,,,,,,,,,,,1,,
JJ,10.1177/1468794120941846,10.1177/1468794120941846,Making focus groups accessible and inclusive for people with communication disabilities: a research note,Filippo Tevisan,2020,"Trevisan, F. (2020). Making focus groups accessible and inclusive for people with communication disabilities: a research note. Qualitative Research, 21(4), 619-627. https://doi-org.offcampus.lib.washington.edu/10.1177/1468794120941846 (Original work published 2021)",0,,0,,,,,,,,,,,,,,,,,,,,,,,,,1,,
JJ,10.1177/1468794120919092,10.1177/1468794120919092,Conceptualising quality in co-produced research,Marilyn Howard and Helen Thomas-Hughes,2020,"Howard, M., & Thomas-Hughes, H. (2020). Conceptualising quality in co-produced research. Qualitative Research, 21(5), 788-805. https://doi-org.offcampus.lib.washington.edu/10.1177/1468794120919092 (Original work published 2021)",0,,2,2,,,,,,,,,,,,,,,,,Yes,1,1,,,,1,,,
JJ,10.1177/1049732320979187,10.1177/1049732320979187,The Social Ecology of Power in Participatory Health Research,Maria Roura,2020,Roura M. The Social Ecology of Power in Participatory Health Research. Qualitative Health Research. 2020;31(4):778-788. doi:10.1177/1049732320979187,1,,1,1,,,,,,1,,,,,,,,,,,Yes,,1,1,,,1,,,
JJ,10.1177/1468794120935300,10.1177/1468794120935300,The slow interview? Developing key principles and practices,"Charlotte Young, Joanna Zubrzycki, and Debbie Plath",2020,"Young, C., Zubrzycki, J., & Plath, D. (2020). The slow interview? Developing key principles and practices. Qualitative Research, 21(4), 481-497. https://doi-org.offcampus.lib.washington.edu/10.1177/1468794120935300 (Original work published 2021)",0,,0,,,,,,,,,,,,,,,,,,,,,,,,1,,,
JJ,10.1177/1077800419898485,10.1177/1077800419898485,Tracing the Immaterial Spaces of You,Joanne Yoo,2020,"Yoo, J. (2020). Tracing the Immaterial Spaces of You. Qualitative Inquiry, 27(1), 64-69. https://doi-org.offcampus.lib.washington.edu/10.1177/1077800419898485 (Original work published 2021)",0,,0,,,,,,,,,,,,,,,,,,,,,,,,,,1,
JJ,10.1177/1077800420965570,10.1177/1077800420965570,Massive and Microscopic: Autoethnographic Affects in the Time of COVID,Anne Harris and Stacy Holman Jones,2020,"Harris, A., & Holman Jones, S. (2020). Massive and Microscopic: Autoethnographic Affects in the Time of COVID. Qualitative Inquiry, 27(7), 861-869. https://doi-org.offcampus.lib.washington.edu/10.1177/1077800420965570 (Original work published 2021)",8,"1,2,5,7",0,,,,,,,,,,,,,,,,15,,,15,,,,,,1,,
JJ,10.1177/1468794120927676,10.1177/1468794120927676,The maroon boxer briefs: exploring erotic reflexivity in interview research,Jaime Garcia-Iglesias,2020,"García-Iglesias, J. (2020). The maroon boxer briefs: exploring erotic reflexivity in interview research. Qualitative Research, 21(5), 703-718. https://doi-org.offcampus.lib.washington.edu/10.1177/1468794120927676 (Original work published 2021)",0,,0,,,,,,,,,,,,,,,,,,,,,,,,,1,,
JJ,10.1177/1077800420934153,10.1177/1077800420934153,"""Piercing This Wall"": Truth-Making in a Fascist World",Aaron M. Kuntz,2020,"Kuntz, A. M. (2020). “Piercing This Wall”: Truth-Making in a Fascist World. Qualitative Inquiry, 27(5), 491-501. https://doi-org.offcampus.lib.washington.edu/10.1177/1077800420934153 (Original work published 2021)",0,,0,,,,,,,,,,,,,,,,,,,,,,,,1,,,
CO,10.1177/10778004211030198,10.1177/10778004211030198,"""They Make These Laws to Put Us Back in Our Place"": A Found Poem on the Trauma, Hope, and Resilience of Transgender and Gender Diverse Youth and Discriminatory Policies
","Paceley, Megan S. ; Greenwood, Emera ; Dikitsas, Zosimo A. ; Fish, Jessica N. ; McInroy, Lauren B. ; Riquino, Michael R. ; Henderson, Sara Birnel",2021,"Paceley, M. S., Greenwood, E., Dikitsas, Z. A., Fish, J. N., McInroy, L. B., Riquino, M. R., & Henderson, S. B. (2022). “They Make These Laws to Put Us Back in Our Place”: A Found Poem on the Trauma, Hope, and Resilience of Transgender and Gender Diverse Youth and Discriminatory Policies. Qualitative Inquiry, 28(3-4), 392-393. https://doi-org.offcampus.lib.washington.edu/10.1177/10778004211030198",0,,,,,,,,,,,,,,,,,,,,Yes,,,,1,,,,1,
CO,10.1177/10497323211043493,10.1177/10497323211043493,"An Overwhelming Burden of Psychosocial Stress: Life With Ischemic Heart Disease for Midlife Patients With Low Socioeconomic Status and Lack of Flexible Resources
","Rasmussen, Amanda Nikolajew ; Petersen, Kirsten Schultz ; Overgaard, Charlotte",2021,"Rasmussen AN, Petersen KS, Overgaard C. An Overwhelming Burden of Psychosocial Stress: Life With Ischemic Heart Disease for Midlife Patients With Low Socioeconomic Status and Lack of Flexible Resources. Qualitative Health Research. 2021;31(14):2666-2677. doi:10.1177/10497323211043493",1,,1,1,,1,,,,,,,,,,,,,,,Yes,,,,1,,,1,,
CO,10.1177/14687941211034726,10.1177/14687941211034726,"Shifting power dynamics in interviews with children: a minority ethnic, working-class researcher's reflections
",Imane Kostet,2021,"Kostet, I. (2023). Shifting power dynamics in interviews with children: a minority ethnic, working-class researcher’s reflections. Qualitative Research, 23(2), 451-466. https://doi.org/10.1177/14687941211034726",0,,0,,,,,,,,,,,,,,,,,,Yes,,,,1,,,,1,
CO,"10.1177/14687941211049323","10.1177/14687941211049323","Binary blues: Exploring beyond dichotomized gender comparisons with a theory-driven approach
","Cheryl Pritlove, Jan E. Angus, Craig Dale, Lisa Seto Nielsen, Marnie Kramer",2021,"Pritlove, C., Angus, J. E., Dale, C., Seto Nielsen, L., & Kramer, M. (2021). Binary Blues: Exploring Beyond Dichotomized Gender Comparisons with a Theory-Driven Approach. Qualitative Research, 23(3), 764-781. https://doi.org/10.1177/14687941211049323",0,,0,,,,,,,,,,,,,,,,,,Yes,,,,1,,,1,,
CO,10.1177/10497323211057090,10.1177/10497323211057090,"Sex: What Is the Big Deal? Exploring Individuals' with Intellectual Disabilities Experiences with Sex Education
","Rachelle Hole, Leyton Schnellert, Gloria Cantle",2021,"Hole, R., Schnellert, L., & Cantle, G. (2021). Sex: What Is the Big Deal? Exploring Individuals’ with Intellectual Disabilities Experiences with Sex Education. Qualitative Health Research, 32(3), 453–464. https://doi.org/10.1177/10497323211057090",0,,0,,,,,,,,,,,,,,,,,,Yes,,,,1,,,1,,
CO,10.1177/14687941211063483,10.1177/14687941211063483,Taking deliberative research online: Lessons from four case studies,"Rebecca Willis, Andy Yuille, Peter Bryant, Duncan McLaren, and Nils Markusson",2021,"Willis, R., Yuille, A., Bryant, P., McLaren, D., & Markusson, N. (2021). Taking Deliberative Research Online: Lessons From Four Case Studies. Qualitative Research, 23(4), 921–939. https://doi.org/10.1177/14687941211063483",0,,1,1,,,,,,,,,,,,,,,,,No,,,1,,,,1,,
JJ,10.1177/10778004211026897,10.1177/10778004211026897,Playing With the Past: An Autoethnography,Diane K. Daly,2021,"Daly, D. K. (2022). Playing With the Past: An Autoethnography. Qualitative Inquiry, 28(3-4), 353-364. https://doi-org.offcampus.lib.washington.edu/10.1177/10778004211026897",0,,0,,,,,,,,,,,,,,,,,,,,,,,,,,1,"Includes images of their performance, but not listed as figures"
JJ,10.1177/10778004211065813,10.1177/10778004211065813,"Rethinking the Politics of Creativity: Posthumanism, Indigeneity, and Creativity Beyond the Western Anthropocene
","Danah Henriksen, Edwin Creely, and Rohit Mehta",2021,"Henriksen, D., Creely, E., & Mehta, R. (2022). Rethinking the Politics of Creativity: Posthumanism, Indigeneity, and Creativity Beyond the Western Anthropocene. Qualitative Inquiry, 28(5), 465-475. https://doi-org.offcampus.lib.washington.edu/10.1177/10778004211065813",0,,0,,,,,,,,,,,,,,,,,,,,,,,,,,,Discusses Indigenous epistemologies
MC (Recoded by JJ),10.1177/10497323211000334,10.1177/10497323211000334,The Journey of Humanizing Care for People With Disabilities,Lauren Clark and Cherisse Watts,2021,"Clark L, Watts C. The Journey of Humanizing Care for People With Disabilities. Qualitative Health Research. 2021;31(7):1199-1208. doi:10.1177/10497323211000334",1,0,1,1,0,0,0,0,0,0,,0,1,,,0,0,0,0,0,Yes,,2,,,,1,,,
MC (Recoded by JJ),10.1177/10778004211026893,10.1177/10778004211026893,"Qualitative Description and Black Males: On Race, the Body, and Researching the Unimaginable
",Anthony L. Brown,2021,"Brown, A. L. (2021). Qualitative Description and Black Males: On Race, the Body, and Researching the Unimaginable. Qualitative Inquiry, 27(10), 1159-1168. https://doi-org.offcampus.lib.washington.edu/10.1177/10778004211026893",0,0,0,0,0,0,0,0,0,0,0,0,,,,0,0,0,0,0,,,,,,,1,,,
MC (Recoded by JJ),10.1177/10497323211003543,10.1177/10497323211003543,"The ""Be All and End All""? Young People, Online Sexual Health Information, Science and Skepticism
","Adrian Farrugia, Andrea Waling, Kiran Pienaar, and Suzanne Fraser",2021,"Farrugia A, Waling A, Pienaar K, Fraser S. The “Be All and End All”? Young People, Online Sexual Health Information, Science and Skepticism. Qualitative Health Research. 2021;31(11):2097-2110. doi:10.1177/10497323211003543",0,0,0,0,0,0,0,0,0,0,0,0,,,,0,0,0,0,0,,,,,,,,1,,
YA,10.1177/14687941211052275,10.1177/14687941211052275,"Digitally shaped ethnographic relationships during a global pandemic and beyond
",Jaymelee J. Kim,2021,"Kim, J. J., Williams, S., Eldridge, E. R., & Reinke, A. J. (2023). Digitally shaped ethnographic relationships during a global pandemic and beyond. Qualitative Research, 23(3), 809-824. https://doi.org/10.1177/14687941211052275",0,0,0,0,0,0,0,0,0,0,0,0,,,,0,0,0,0,0,,,,,,,,1,,
YA,10.1177/10778004211014617,10.1177/10778004211014617,"Feminist-Inspired NGO Activism in Contemporary China: Expanding the Inductive Approach in Qualitative Inquiry
",Ping-Chun Hsiung,2021,"Hsiung, P.-C. Feminist-Inspired NGO Activism in Contemporary China: Expanding the Inductive Approach in Qualitative Inquiry. Qualitative Inquiry. 2021;27(8–9):958–976. doi:10.1177/10778004211014617
",1,0,1,1,0,0,0,0,0,0,0,0,,,,0,0,0,1,0,Yes,2,,,,,,1,1,
JJ,10.1177/14687941211065164,10.1177/14687941211065164,Fusion of horizons: Realizing a meaningful understanding in qualitative research,Kevin A. Bartley and Jeffrey J. Brooks,2021,"Bartley, K. A., & Brooks, J. J. (2022). Fusion of horizons: Realizing a meaningful understanding in qualitative research. Qualitative Research, 23(4), 940-961. https://doi-org.offcampus.lib.washington.edu/10.1177/14687941211065164 (Original work published 2023)",4,,1,1,,1,,,1,,2,,,,,,,,,,,,1,2,1,,,1,,
JJ,10.1177/10778004211042814,10.1177/10778004211042814,Walking the Line: Borderlands and the Politics of Hiking,Toby Beauchamp,2021,"Beauchamp, T. (2021). Walking the Line: Borderlands and the Politics of Hiking. Qualitative Inquiry, 28(2), 177-186. https://doi-org.offcampus.lib.washington.edu/10.1177/10778004211042814 (Original work published 2022)",0,,0,,,,,,,,,,,,,,,,,,,,,,,,1,,,
JJ,10.1177/1049732321989685,10.1177/1049732321989685,Sexual and Reproductive Health Information and Experiences Among Syrian Refugee Adolescent Girls in Lebanon,"L'Emira Lama El Ayoubi, Sawsan Abdulrahim, and Maia Sieverding",2021,"El Ayoubi LL, Abdulrahim S, Sieverding M. Sexual and Reproductive Health Information and Experiences Among Syrian Refugee Adolescent Girls in Lebanon. Qualitative Health Research. 2021;31(5):983-998. doi:10.1177/1049732321989685",0,,0,,,,,,,,,,,,,,,,,,,,,,,,1,,,
JJ,10.1177/10497323211064598,10.1177/10497323211064598,"""I Tried Forcing Myself to do it, but Then It Becomes a Boring Chore"": Understanding (dis)engagement in Physical Activity Among Individuals With Type 2 Diabetes Using a Practice Theory Approach","Ida K. Thorsen, Lars Kayser, Helle Teglgaard Lyk-Jensen, Sine Rossen, Mathias Ried-Larsen, and Julie Midtgaard",2021,"Thorsen IK, Kayser L, Teglgaard Lyk–Jensen H, Rossen S, Ried-Larsen M, Midtgaard J. &#x201c;I Tried Forcing Myself to do It, but Then It Becomes a Boring Chore&#x201d;: Understanding (dis)engagement in Physical Activity Among Individuals With Type 2 Diabetes Using a Practice Theory Approach. Qualitative Health Research. 2022;32(3):520-530. doi:10.1177/10497323211064598",3,,1,1,,,,,2,,1,,,,,,,,,,,1,1,1,1,,1,,,
JJ,10.1177/10497323211024951,10.1177/10497323211024951,Conceptualizing Qualitative Data,Alex Broom,2021,Broom A. Conceptualizing Qualitative Data. Qualitative Health Research. 2021;31(10):1767-1770. doi:10.1177/10497323211024951,0,,0,,,,,,,,,,,,,,,,,,,,,,,,1,,,
JJ,10.1177/10778004211014611,10.1177/10778004211014611,"Experiments in Methodology: Sensory and Poetic Threads of Inquiry, Resistance, and Transformation",Cali Prince,2021,"Prince, C. (2021). Experiments in Methodology: Sensory and Poetic Threads of Inquiry, Resistance, and Transformation. Qualitative Inquiry, 28(1), 94-107. https://doi-org.offcampus.lib.washington.edu/10.1177/10778004211014611 (Original work published 2022)",3,1,0,,,,,1,,,,,,1,,,,,6,,,1,3,,,,1,,,
JJ,10.1177/10497323211022316,10.1177/10497323211022316,Additional Value of Peer Informants in Psychological Autopsy Studies of Youth Suicides,"Milou Looijmans, Diana van Bergen, Renske Gilissen, Arne Popma, Elias Balt, Daan Creemers, Lieke van Domburgh, Wico Mulder, Sanne Rasing, and Saskia Merelle",2021,"Looijmans M, van Bergen D, Gilissen R, et al. Additional Value of Peer Informants in Psychological Autopsy Studies of Youth Suicides. Qualitative Health Research. 2021;31(11):2056-2068. doi:10.1177/10497323211022316",1,,1,1,,,,,,,,,1,,,,,,,,,2,,,,,1,,,
JJ,10.1177/10497323211044468,10.1177/10497323211044468,Surprise Reveals the Affective-Moral Economies in Cancer Illness Narratives,"Stefanie Plage, Rebecca E. Olson",2021,"Plage S, Olson RE. Surprise Reveals the Affective-Moral Economies in Cancer Illness Narratives. Qualitative Health Research. 2021;31(14):2730-2742. doi:10.1177/10497323211044468",4,4,0,,,,,,,,,,,,,,,,5,,,,4,,,,,1,,
JJ,10.1177/10497323211007815,10.1177/10497323211007815,"The Impact of Health Risk Communication: A study on the Dengue, Chikungunya, and Zika Epidemics in Curacao, Analyzed by the Social Amplification of Risk Framework (SARF)","Milou J. F. van Goudoever, Vaitiare I. C. Mulderij-Jansen, Ashley J. Duits, Adriana Tami, Izzy I. Gerstenbluth, and Ajay Bailey",2021,"van Goudoever MJF, Mulderij-Jansen VIC, Duits AJ, Tami A, Gerstenbluth II, Bailey A. The Impact of Health Risk Communication: A Study on the Dengue, Chikungunya, and Zika Epidemics in Curaçao, Analyzed by the Social Amplification of Risk Framework (SARF). Qualitative Health Research. 2021;31(10):1801-1811. doi:10.1177/10497323211007815",0,,0,,,,,,,,,,,,,,,,,,,,,,,,1,,,
JJ,10.1177/10497323211061345,10.1177/10497323211061345,PTSD Symptoms and Dementia in Older Veterans Who are Living in Long-Term Care,"Kim Ritchie, Heidi Cramm, Alice Aiken, Catherine Donnelly, and Catherine Goldie",2021,"Ritchie K, Cramm H, Aiken A, Donnelly C, Goldie C. PTSD Symptoms and Dementia in Older Veterans Who are Living in Long-Term Care. Qualitative Health Research. 2021;32(3):504-519. doi:10.1177/10497323211061345",0,,1,1,,,,,,,,,,,,,,,,,,1,,,,,1,,,
JJ,10.1177/1049732321989999,10.1177/1049732321989999,"""I Had to Make Them Feel at Ease"": Narrative Accounts of How Women With Breast Cancer Navigate Social Support","Jaime D. Wright, Candyce H. Kroenke, Marilyn L. Kwan, and Lawrence H. Kushi",2021,"Wright JD, Kroenke CH, Kwan ML, Kushi LH. “I Had to Make Them Feel at Ease”: Narrative Accounts of How Women With Breast Cancer Navigate Social Support. Qualitative Health Research. 2021;31(6):1056-1068. doi:10.1177/1049732321989999",0,,0,,,,,,,,,,,,,,,,,,,,,,,,,1,,
JJ,10.1177/10778004211042359,10.1177/10778004211042359,Walking Unsettling Depremacy: A Preliminary Proposition for Questioning the Right to Go Anywhere,Leah Decter,2021,"Decter, L. (2021). Walking Unsettling Depremacy: A Preliminary Proposition for Questioning the Right to Go Anywhere. Qualitative Inquiry, 28(2), 187-197. https://doi-org.offcampus.lib.washington.edu/10.1177/10778004211042359 (Original work published 2022)",0,,0,,,,,,,,,,,,,,,,,,,,,,,,1,,,
JJ,10.1177/1049732320967917,10.1177/1049732320967917,"Patients' Experiences of Comborbid HIV/AIDS and Diabetes Care and Management in Soweto, South Africa",Edna N. Bosire,2021,"Bosire EN. Patients’ Experiences of Comorbid HIV/AIDS and Diabetes Care and Management in Soweto, South Africa. Qualitative Health Research. 2020;31(2):373-384. doi:10.1177/1049732320967917",0,,0,,,,,,,,,,,,,,,,,,,,,,,,,1,,
JJ,10.1177/10497323211051671,10.1177/10497323211051671,"How do Past, Present, and Future Weigh into Trajectories of Precarity? The Time Perspectives of Young Psychoactive Substance Users Living in Situations of Social Precarity in Montreal","Vincent Wagnet, Jorge Flores-Aranda, Ana Cecilia Villela Guilhon, Shane Knight, and Karine Bertrand",2021,"Wagner V, Flores-Aranda J, Villela Guilhon AC, Knight S, Bertrand K. How do Past, Present and Future Weigh into Trajectories of Precarity? The Time Perspectives of Young Psychoactive Substance Users Living in Situations of Social Precarity in Montreal. Qualitative Health Research. 2021;32(2):195-209. doi:10.1177/10497323211051671",0,,2,2,,,,,,,,,,,,,,,,,,2,,,,,,1,,
JJ,10.1177/10778004211026898,10.1177/10778004211026898,"Making Trouble With Ontogenesis: Collaborative Writing, Becoming, and Concept Forming as Event","Ken Gale, Jonathan Wyatt",2021,"Gale, K., & Wyatt, J. (2021). Making Trouble With Ontogenesis: Collaborative Writing, Becoming, and Concept Forming as Event. Qualitative Inquiry, 28(1), 80-87. https://doi-org.offcampus.lib.washington.edu/10.1177/10778004211026898 (Original work published 2022)",0,,0,,,,,,,,,,,,,,,,,,,,,,,,,,1,
JJ,10.1177/10778004211065804,10.1177/10778004211065804,Climate Sadness: The Fragile Beauty of Tonle Sap,Edgar A. Burns,2021,"Burns, E. A. (2022). Climate Sadness: The Fragile Beauty of Tonlé Sap. Qualitative Inquiry, 28(3-4), 383-391. https://doi-org.offcampus.lib.washington.edu/10.1177/10778004211065804 (Original work published 2022)",0,,0,,,,,,,,,,,,,,,,,,,,,,,,1,,,
JJ,10.1177/1049732321998643,10.1177/1049732321998643,Are Communities Willing to Transition Into Learning Health Care Communities? A Community-Based Participatory Evaluation of Stakeholders' Receptivity,"Nabil Natafgi, Olayinka Ladeji, Yoon Duk Hong, Jacqueline Caldwell, C. Daniel Mullins",2021,"Natafgi N, Ladeji O, Hong YD, Caldwell J, Mullins CD. Are Communities Willing to Transition Into Learning Health Care Communities? A Community-Based Participatory Evaluation of Stakeholders’ Receptivity. Qualitative Health Research. 2021;31(8):1412-1422. doi:10.1177/1049732321998643",1,,1,1,,,,,,,1,,,,,,,,,,,,2,,,,,1,,
JJ,10.1177/10497323211037648,10.1177/10497323211037648,Control Measures for Continuous Deep Sedation Until Death: A Framing Analysis of the Views of Physicians,"Stijn Vissers, Lenzo Robijn, Sigrid Dierickx, Freddy Mortier, Joachim Cohen, Luc Deliens, and Kenneth Chambaere",2021,"Vissers S, Robijn L, Dierickx S, et al. Control Measures for Continuous Deep Sedation Until Death: A Framing Analysis of the Views of Physicians. Qualitative Health Research. 2021;31(13):2390-2402. doi:10.1177/10497323211037648",0,,1,1,,,,,,,,,,,,,,,,,,,1,,,,1,,,
JJ,10.1177/10778004211026903,10.1177/10778004211026903,The Limits of Justice-Informed Research and Teaching in the Presence of Antiblackness and Black Suffering: Surplus of Transformation or (Un)Just Traumatic Returns?,Keffrelyn D. Brown,2021,"Brown, K. D. (2021). The Limits of Justice-Informed Research and Teaching in the Presence of Antiblackness and Black Suffering: Surplus of Transformation or (Un)Just Traumatic Returns? Qualitative Inquiry, 27(10), 1169-1181. https://doi-org.offcampus.lib.washington.edu/10.1177/10778004211026903 (Original work published 2021)",1,,0,,,,1,,,,,,,,,,,,,,,,,,,1,,,1,
JJ,10.1177/10497323211012986,10.1177/10497323211012986,Continuums of Change in a Competence-Building Initiative Addressing End-of-Life Communication in Swedish Elder Care,"Therese Johansson, Carol Tishelman, Joachim Cohen, Lars E. Eriksson, Ida Goliath",2021,"Johansson T, Tishelman C, Cohen J, Eriksson LE, Goliath I. Continuums of Change in a Competence-Building Initiative Addressing End-of-Life Communication in Swedish Elder Care. Qualitative Health Research. 2021;31(10):1904-1917. doi:10.1177/10497323211012986",2,,1,1,,,,,1,1,,,,,,,,,,,,1,1,1,,,,1,,
JJ,10.1177/1049732320978206,10.1177/1049732320978206,Living With Fear: Experiences of Danish Parents in Vulnerable Positions During Pregnancy and in the Postnatal Period,"Marianne Stistrup Frederiksen, Virginia Schmied, Charlotte Overgaard",2021,"Frederiksen MS, Schmied V, Overgaard C. Living With Fear: Experiences of Danish Parents in Vulnerable Positions During Pregnancy and in the Postnatal Period. Qualitative Health Research. 2021;31(3):564-577. doi:10.1177/1049732320978206",1,,1,1,,,,1,,,,,,,,,,,,,,,,2,,,,1,,
JJ,10.1177/10778004211065802,10.1177/10778004211065802,"Researching Posthumanizing Creativity: Expanding, Shifting, and Disrupting",Kerry Chappell,2021,"Chappell, K. (2022). Researching Posthumanizing Creativity: Expanding, Shifting, and Disrupting. Qualitative Inquiry, 28(5), 496-506. https://doi-org.offcampus.lib.washington.edu/10.1177/10778004211065802 (Original work published 2022)",5,,0,,,,,,,,,,,5,,,,,,,,5,,,,,,1,,
JJ,10.1177/10497323211039828,10.1177/10497323211039828,Caregiver Support in Mental Health Recovery: A Critical Realist Qualitative Research,"Francois Lauzier-Jobin, Janie Houle",2021,"Lauzier-Jobin F, Houle J. Caregiver Support in Mental Health Recovery: A Critical Realist Qualitative Research. Qualitative Health Research. 2021;31(13):2440-2453. doi:10.1177/10497323211039828",1,,2,2,1,,,,,,,,,,,,,,,,,,3,,,,1,,,
JJ,10.1177/10497323211002479,10.1177/10497323211002479,"Understanding Patients' Decisions to Obtain Unplanned, High-Resource Health Care After Colorectal Surgery","Stephanie T. Lumpkin, Eileen Harvey, Paul Mihas, Timothy Carey, Alessandro Fichera, and Karyn Stitzenberg",2021,"Lumpkin ST, Harvey E, Mihas P, Carey T, Fichera A, Stitzenberg K. Understanding Patients’ Decisions to Obtain Unplanned, High-Resource Health Care After Colorectal Surgery. Qualitative Health Research. 2021;31(9):1582-1595. doi:10.1177/10497323211002479",2,,1,1,,,,,2,,,,,,,,,,,,,1,2,,,,,1,,
JJ,10.1177/14687941211039409,10.1177/14687941211039409,"My dear diaries: Following, valuing and reflecting on moments with research materials",Lauren White,2021,"White, L. (2021). My dear diaries: Following, valuing and reflecting on moments with research materials. Qualitative Research, 23(3), 632-650. https://doi-org.offcampus.lib.washington.edu/10.1177/14687941211039409 (Original work published 2023)",3,2,0,,,,,,,,,,,,,,,,4,,,4,,,,,,1,,
JJ,10.1177/14687941211016158,10.1177/14687941211016158,Student voices that resonate -- Constructing composite narratives that represent students' classroom experiences,"Olivia Johnston, Helen Wildy, and Jennifer Shand",2021,"Johnston, O., Wildy, H., & Shand, J. (2021). Student voices that resonate – Constructing composite narratives that represent students’ classroom experiences. Qualitative Research, 23(1), 108-124. https://doi-org.offcampus.lib.washington.edu/10.1177/14687941211016158 (Original work published 2023)",3,,0,,,,3,,,,,,,,,,,,,,,,3,,,,1,,,
JJ,10.1177/10497323211050907,10.1177/10497323211050907,Enacting Woundedness and Compassionate Care for Recurrent Metastatic Breast Cancer,Wayne A. Beach,2021,Beach WA. Enacting Woundedness and Compassionate Care for Recurrent Metastatic Breast Cancer. Qualitative Health Research. 2021;32(2):210-224. doi:10.1177/10497323211050907,1,,0,,,,,,,,,,,,,,,,1,,,1,,,,,,1,,
CO,10.1177/14687941221132959,10.1177/14687941221132959,A novice inquiry into unique adequacy,Emily Hofstetter,2022,"Hofstetter, E. (2024). A novice inquiry into unique adequacy. Qualitative Research, 24(1), 81-98. https://doi.org/10.1177/14687941221132959",3,,,,,,3,,,,,,,,,,,,,,Yes,,,,1,,,1,,box display transcripts
CO,"10.1177/10497323221102240","10.1177/10497323221102240","It's more than sadness': The Discursive Construction of Depression on Australian Depression Websites
",Grace Horwood,2022,"Horwood G, Augoustinos M. ‘It’s more than sadness’: The Discursive Construction of Depression on Australian Depression Websites. Qualitative Health Research. 2022;32(7):1185-1196. doi:10.1177/10497323221102240",0,,1,1,,,,,,,,,,,,,,,,,Yes,,,,1,,,1,,
CO,10.1177/10497323221111644,10.1177/10497323221111644,"Establishing a Guide for Developing Organizational Support in Healthcare Following a Critical or Sentinel Event
","Diana Maree Austin, Gerard Pauley, and Lesley Ferkins",2022,"Austin DM, Pauley G, Ferkins L. Establishing a Guide for Developing Organizational Support in Healthcare Following a Critical or Sentinel Event. Qualitative Health Research. 2022;32(11):1607-1619. doi:10.1177/10497323221111644",0,,2,2,,,,,,,,,,,,,,,,,Yes,,,,1,,,1,,
CO,"10.1177/10497323221079785
","10.1177/10497323221079785
","Mobilizing Forward: An Interpretive Description of Supporting Successful Neonatal Intensive Care Unit-To-Home Transitions for Adolescent Parents

","Elizabeth Orr, Marilyn Ballantyne, Andrea Gonzalez, and Susan Michelle Jack",2022,"Orr E, Ballantyne M, Gonzalez A, Jack SM. Mobilizing Forward: An Interpretive Description of Supporting Successful Neonatal Intensive Care Unit-To-Home Transitions for Adolescent Parents. Qualitative Health Research. 2022;32(5):831-846. doi:10.1177/10497323221079785",1,,0,,,1,,,,,,,,,,,,,,,Yes,,,,1,,,1,,
CO,10.1177/14687941221138405,10.1177/14687941221138405,"How to zig-zag between digital methods and traditional methods in ethnography
",Torben Elgaard Jensen,2022,"Jensen, T. E. (2024). The Slalom Method: How to zig-zag between digital methods and traditional methods in ethnography. Qualitative Research, 24(2), 229-248. https://doi.org/10.1177/14687941221138405",3,,0,,,,1,,,,,,2,,,,,,,,No,,1,,,,,1,,
CO,10.1177/10778004221099974,10.1177/10778004221099974,"""Don't I Have a Say?"": A Critical Autoethnography on Choice and Essentiality-of-Being
",Christopher B. Williams,2022,"Williams, C. B. (2023). “Don’t I Have a Say?”: A Critical Autoethnography on Choice and Essentiality-of-Being. Qualitative Inquiry, 29(6), 751-754. https://doi.org/10.1177/10778004221099974",0,,0,,,,,,,,,,,,,,,,,,Yes,,,,1,,,,1,
CO,10.1177/10778004221097050,10.1177/10778004221097050,"Jane Addams's Pragmatist Method Extended: Care Work Between Abstract Rules and Situated Practice
",Kaspar Villadsen,2022,"Villadsen, K. (2022). Jane Addams’s Pragmatist Method Extended: Care Work Between Abstract Rules and Situated Practice. Qualitative Inquiry, 28(10), 1027–1038. https://doi.org/10.1177/10778004221097050",0,,0,,,,,,,,,,,,,,,,,,No,,,,1,,,1,,
CO,10.1177/10778004221099568,10.1177/10778004221099568,"Theory-Practicing in Critical Times: Viv Bozalek in Conversation With Kathrin Thiele, Deirdre M. Donoghue, and Pinar Turer
","Kathrin Thiele, Deirdre M. Donoghue, and Pınar Türe",2022,"Thiele, K., Donoghue, D. M., & Türer, P. (2022). Theory-Practicing in critical times: Viv bozalek in conversation with kathrin thiele, deirdre M. Donoghue, and pınar türer. Qualitative Inquiry, 29(1), 157–167. https://doi.org/10.1177/10778004221099568
",0,,0,,,,,,,,,,,,,,,,,,Yes,,,,1,,,1,,trasnscribed conversation-thoeretical discussion
CO,10.1177/10778004221099561,10.1177/10778004221099561,"Yarning Up Relations: Enacting a Relational Ethics in Cross-Cultural Research-Based Theater
","Sarah Woodland, Kamarra Bell-Wykes, Carissa Lee Godwin",2022,"Woodland, S., Bell-Wykes, K., & Godwin, C. L. (2022). Yarning Up Relations: Enacting a Relational Ethics in Cross-Cultural Research-Based Theater. Qualitative Inquiry, 29(2), 393–402. https://doi.org/10.1177/10778004221099561",0,,0,,,,,,,,,,,,,,,,,,Yes,,,,1,,,1,,
CO,10.1177/14687941221129804,10.1177/14687941221129804,"Future memory work: unsettling temporal Othering through speculative research practices
",Anne Chahine,2022,"Chahine, A. (2022). Future Memory Work: Unsettling Temporal Othering Through Speculative Research Practices. Qualitative Research, 24(2), 1894-208. https://doi.org/10.1177/14687941221129804",1,,0,,,,,,,,,,,,,,,,1,,Yes,,,,1,,,,1,
CO,"10.1177/10497323221092701
","10.1177/10497323221092701
","""What other choices might I have made?"": Sexual Minority Men, the PrEP Cascade and the Shifting Subjective Dimensions of HIV Risk
","Mark Gaspar, Alex Wells, Mark Hull, Darrell H. S. Tan, Nathan Lachowsky, Daniel Grace",2022,"Gaspar, M., Wells, A., Hull, M., Tan, D. H. S., Lachowsky, N., & Grace, D. (2022). “What other choices might I have made?”: Sexual Minority Men, the PrEP Cascade and the Shifting Subjective Dimensions of HIV Risk. Qualitative Health Research, 32(8-9), 1315–1327. https://doi.org/10.1177/10497323221092701",1,,1,1,,1,,,,,,,,,,,,,,,Yes,1,,,,,,,1,
CO,10.1177/10497323221089875,10.1177/10497323221089875,"I Have to Explain to him': How Companions Broker Mutual Understanding Between Patients with Intellectual Disabilities and Health Care Practitioners in Primary Care
",Deborah Chinn,2022,"Chinn, D. (2022). ‘I Have to Explain to Him’: How Companions Broker Mutual Understanding Between Patients with Intellectual Disabilities and Health Care Practitioners in Primary Care. Qualitative Health Research, 32(8-9), 1215–1229. https://doi.org/10.1177/10497323221089875",10,,2,2,,,9,,,,,,,,,,,,,1,Yes,,,,1,,,1,,Lots of transcripts of conversations i put it under box display
CO,10.1177/14687941221129809,10.1177/14687941221129809,"A Bergsonian analysis of time in qualitative research: Understanding lived experiences of street homeless people in Moscow
","Brian McDonough, Svetlana Stephenson",2022,"McDonough, B., & Stephenson, S. (2022). A Bergsonian Analysis of Time in Qualitative Research: Understanding Lived Experiences of Street Homeless People in Moscow. Qualitative Research, 24(2), 2494-268. https://doi.org/10.1177/14687941221129809
",0,,0,,,,,,,,,,,,,,,,,,Yes,,,,1,,,,1,
CO,10.1177/10778004221080786,10.1177/10778004221080786,Scenes From <i>Masked and Anonymous</i><SUP>i</SUP>,Norman K. Denzin,2022,"Denzin, N. K. (2022). Scenes From Masked and Anonymousi. Qualitative Inquiry, 28(10), 1101–1103. https://doi.org/10.1177/10778004221080786",0,,0,,,,,,,,,,,,,,,,,,Yes,,,,1,,,,1,
CO,10.1177/10497323221111912,10.1177/10497323221111912,Exploring Tuberculosis Riskscapes in a Papua New Guinean 'Hotspot',"Paula Jops, Martha Kupul, Richard Nake Trumb, John Cowan, Stephen M. Graham, Stephen Bell, Suman Majumdar, Herolyn Nindil, William Pomat, Ben Marais, Guy Marks, Andrew J. Vallely, John Kaldor, and Angela Kelly-Hanku",2022,"Jops, P., Kupul, M., Trumb, R. N., Cowan, J., Graham, S. M., Bell, S., Majumdar, S., Nindil, H., Pomat, W., Marais, B., Marks, G., Vallely, A. J., & Kelly-Hanku, A. (2022). Exploring Tuberculosis Riskscapes in a Papua New Guinean ‘Hotspot’. Qualitative Health Research, 32(11), 1747–1762. https://doi.org/10.1177/10497323221111912
",3,,2,2,,,,,,,,,1,,,,,,2,,Yes,,,,1,,,1,,There was a map put it under data based graph
CO,10.1177/10778004221124015,10.1177/10778004221124015,Communal Conversations: Black Women World-Making Through Mentorship,"Nicole M. Brown, Ruby Mendenhall",2022,"Brown, N. M., & Mendenhall, R. (2022). Communal Conversations: Black Women World-Making Through Mentorship. Qualitative Inquiry, 29(6), 698–704. https://doi.org/10.1177/10778004221124015",0,,0,,,,,,,,,,,,,,,,,,Yes,,,,1,,,1,,
YA,10.1177/10497323221129260,10.1177/10497323221129260," Reflection of Types of Prosocial Behavior During COVID-19 in Collectivistic Asian Countries-India and Indonesia
",Shanu Shukla,2022,"Shukla S, Mishra SK, Agustino RD. Reflection of Types of Prosocial Behavior During COVID-19 in Collectivistic Asian Countries—India and Indonesia. Qualitative Health Research. 2022;32(13):1993-2005. doi:10.1177/10497323221129260",2,0,1,1,,1,0,0,0,1,0,0,,,,0,0,0,0,0,Yes,1,,1,1,,,1,1,
YA,10.1177/14687941221082262,10.1177/14687941221082262,"The politics and ethics of representation in qualitative research: Addressing moments of discomfort
",Will Mason,2022,Mason W. Book Review: The Politics and Ethics of Representation in Qualitative Research: Addressing Moments of Discomfort. Qualitative Research. 2023;23(5):1492–1494. doi:10.1177/14687941221082262,0,0,0,0,0,0,0,0,0,0,0,0,,,,0,0,0,0,0,,,,,,,,1,1,
YA,10.1177/10497323211066868,10.1177/10497323211066868,"Aligned and Divergent Perceptions of Support Persons' Role in Triadic Gynecologic Cancer Communication
",Lauren E. Lee,2022,"Lee LE, Greene K, Venetis MK, et al. Aligned and Divergent Perceptions of Support Persons’ Role in Triadic Gynecologic Cancer Communication. Qualitative Health Research. 2022;32(4):710-724. doi:10.1177/10497323211066868",0,0,1,1,0,0,0,0,0,0,0,0,,,,0,0,0,0,0,Yes,1,,,,,,1,,
YA,10.1177/1049732320909098,10.1177/1049732320909098,"A Constructed Reality? A Fairclough-Inspired Critical Discourse Analysis of the Danish HPV Controversy
",Sanne Mohr,2022,"van Manen, M. A. (2019). Uniqueness and Novelty in Phenomenological Inquiry. Qualitative Inquiry, 26(5), 486-490",0,0,2,2,0,0,0,0,0,0,0,0,,,,0,0,0,0,0,Yes,2,,,,,,1,,
JJ,10.1177/10778004221142805,10.1177/10778004221142805,Methodologies for the Apocalypse: Unthinking the Thinkable,"Mirka Koro, Jennifer Wolgemuth",2022,"Koro, M., & Wolgemuth, J. (2022). Methodologies for the Apocalypse: Unthinking the Thinkable. Qualitative Inquiry, 29(6), 651-658. https://doi-org.offcampus.lib.washington.edu/10.1177/10778004221142805 (Original work published 2023)",0,,0,,,,,,,,,,,,,,,,,,,,,,,,1,,,
JJ,10.1177/10778004221144068,10.1177/10778004221144068,Awareness of Ageism While Researching Multiple Minority Discrimination: A Discourse and Grounded Theory Analysis Revisiting Own Qualitative Research,Miguel S. Valles Martinez,2022,"Valles Martínez, M. S. (2022). Awareness of Ageism While Researching Multiple Minority Discrimination: A Discourse and Grounded Theory Analysis Revisiting Own Qualitative Research. Qualitative Inquiry, 30(3-4), 345-353. https://doi-org.offcampus.lib.washington.edu/10.1177/10778004221144068 (Original work published 2024)",1,,0,,1,,,,,,,,,,,,,,,,,,,1,,,,1,,
JJ,10.1177/14687941221138409,10.1177/14687941221138409,Why do people participate in research interviews? Participant orientations and ethical contracts in interviews with victims of interpersonal violence,"Anja Bredal, Kari Stefansen, and Margunn Bjornholt",2022,"Bredal, A., Stefansen, K., & Bjørnholt, M. (2022). Why do people participate in research interviews? Participant orientations and ethical contracts in interviews with victims of interpersonal violence. Qualitative Research, 24(2), 287-304. https://doi-org.offcampus.lib.washington.edu/10.1177/14687941221138409 (Original work published 2024)",0,,0,,,,,,,,,,,,,,,,,,,,,,,,,1,,
JJ,10.1177/10497323221141629,10.1177/10497323221141629,"I'm Skinny, I'm Worth More: Fashion Models' Experiences of Aesthetic Labor and Its Impact on Body Image and Eating Behaviors","Alison Fixsen, Magdalena Kossewska, Aurore Bardey",2022,"Fixsen A, Kossewska M, Bardey A. I’m Skinny, I’m Worth More: Fashion Models’ Experiences of Aesthetic Labor and Its Impact on Body Image and Eating Behaviors. Qualitative Health Research. 2022;33(1-2):81-91. doi:10.1177/10497323221141629",0,,0,,,,,,,,,,,,,,,,,,,,,,,,,1,,
JJ,10.1177/10778004221093424,10.1177/10778004221093424,A Poetic Inquiry of Traumatic Birth Through Bearing Witness,"Hazel Keedle, Pixie Willo",2022,"Keedle, H., & Willo, P. (2022). A Poetic Inquiry of Traumatic Birth Through Bearing Witness. Qualitative Inquiry, 28(8-9), 938-945. https://doi-org.offcampus.lib.washington.edu/10.1177/10778004221093424 (Original work published 2022)",0,,0,,,,,,,,,,,,,,,,,,,,,,,,,1,,
JJ,10.1177/14687941221129374,10.1177/14687941221129374,Methods for more-than-human wellbeing: A collaborative journey with object interviews,"Holly Thorpe, Julie Brice, Anoosh Soltani, Mihi Nemani, and Grace O'Leary",2022,"Thorpe, H., Brice, J., Soltani, A., Nemani, M., & O’Leary, G. (2022). Methods for more-than-human wellbeing: A collaborative journey with object interviews. Qualitative Research, 24(2), 147-170. https://doi-org.offcampus.lib.washington.edu/10.1177/14687941221129374 (Original work published 2024)",1,,0,,,,,,,,,,,1,,,,,,,,1,,,,,,1,,
JJ,10.1177/10497323221123022,10.1177/10497323221123022,Photovicing Empowerment and Social Change for Youth Living With HIV/AIDS in Uganda,"Emmanuel Kimera, Sofie Vindevogel",2022,"Kimera E, Vindevogel S. Photovoicing Empowerment and Social Change for Youth Living With HIV/AIDS in Uganda. Qualitative Health Research. 2022;32(12):1907-1914. doi:10.1177/10497323221123022",0,,1,1,,,,,,,,,,,,,,,,,,,,1,,,1,,,
JJ,10.1177/10497323221145832,10.1177/10497323221145832,The Gendered Work/Role of Program Directors in International Graduate Medical Education,"Debalina Dutta, Halah Ibrahim, Joseph Cograncesco Jr, Sophia Archuleta, Dora J. Stadlet",2022,"Dutta D, Ibrahim H, Cofrancesco J, Archuleta S, Stadler DJ. The Gendered Work/Role of Program Directors in International Graduate Medical Education. Qualitative Health Research. 2022;33(3):154-164. doi:10.1177/10497323221145832",0,,0,,,,,,,,,,,,,,,,,,,,,,,,,1,,
JJ,10.1177/10497323221119939,10.1177/10497323221119939,Physicians' Conceptions of the Dying Patient: Scoping Review and Qualitative Content Analysis of the United Kingdom Medical Literature,"Shaun Peter Qureshi, Derek Jones, Avril Dewar",2022,"Qureshi SP, Jones D, Dewar A. Physicians’ Conceptions of the Dying Patient: Scoping Review and Qualitative Content Analysis of the United Kingdom Medical Literature. Qualitative Health Research. 2022;32(12):1881-1896. doi:10.1177/10497323221119939",2,,1,1,1,,,,,,,1,,,,,,,,,,2,,1,,,,1,,
JJ,10.1177/10778004221079405,10.1177/10778004221079405,Replication Crisis: Framing Science for Untold Crimes,Kurt Borchard,2022,"Borchard, K. (2022). Replication Crisis: Framing Science for Untold Crimes. Qualitative Inquiry, 28(8-9), 962-971. https://doi-org.offcampus.lib.washington.edu/10.1177/10778004221079405 (Original work published 2022)",0,,0,,,,,,,,,,,,,,,,,,,,,,,,1,,,
JJ,10.1177/10778004221103220,10.1177/10778004221103220,Preparing Future Scholars in Repressive Times,Kathryn Roulston,2022,"Roulston, K., & Stich, A. E. (2022). Preparing Future Scholars in Repressive Times. Qualitative Inquiry, 29(3-4), 446-455. https://doi-org.offcampus.lib.washington.edu/10.1177/10778004221103220 (Original work published 2023)",0,,0,,,,,,,,,,,,,,,,,,,,,,,,,1,,
JJ,10.1177/14687941211029468,10.1177/14687941211029468,Book Review: Richa Nagar: Hungry Translations: Relearning the World through Radical Vulnerability,Teresa Tackett,2022,"Tackett, T. (2022). Book Review: Richa Nagar, Hungry Translations: Relearning the World through Radical Vulnerability. Qualitative Research, 23(2), 503-506. https://doi-org.offcampus.lib.washington.edu/10.1177/14687941211029468 (Original work published 2023)",0,,0,,,,,,,,,,,,,,,,,,,,,,,,1,,,
JJ,10.1177/10778004221096853,10.1177/10778004221096853,From Making Automated Decision Making Visible to Mapping the Unknownable Human: Counter-Mapping Automated Decision Making in Social Services in Australia,Lyndal Naomi Sleep,2022,"Sleep, L. N. (2022). From Making Automated Decision Making Visible to Mapping the Unknowable Human: Counter-Mapping Automated Decision Making in Social Services in Australia. Qualitative Inquiry, 28(7), 848-858. https://doi-org.offcampus.lib.washington.edu/10.1177/10778004221096853 (Original work published 2022)",2,,0,,2,,,,,,,,,,,,,,,,,1,,1,,,1,,,
JJ,10.1177/10497323221077296,10.1177/10497323221077296,U.S. Abortion Care Providers' Perspectives on Self-Managed Abortion,"Aleta Baldwin, Dana M. Johnson, Kathleen Broussard, Luisa Alejandra Tello-Perez, Melissa Madera, Carol Ze-Noah, Elisa Padron, and Abigail R. A. Aiken",2022,"Baldwin A, Johnson DM, Broussard K, et al. U.S. Abortion Care Providers’ Perspectives on Self-Managed Abortion. Qualitative Health Research. 2022;32(5):788-799. doi:10.1177/10497323221077296",0,,2,2,,,,,,,,,,,,,,,,,,1,,1,,,,1,,
JJ,10.1177/10497323221123763,10.1177/10497323221123763,Embodying the (Dis)embodiment: Narrating Depersonalization-Derealization Disorder,Olivia Watson,2022,Watson O. Embodying the (Dis)embodiment: Narrating Depersonalization-Derealization Disorder. Qualitative Health Research. 2022;32(12):1858-1864. doi:10.1177/10497323221123763,0,,0,,,,,,,,,,,,,,,,,,,,,,,,,,1,
JJ,10.1177/14687941221128496,10.1177/14687941221128496,Following one's nose: 'Smellwalks' through qualitative data,Janine Natalya Clark,2022,"Clark, J. N. (2022). Following one’s nose: ‘Smellwalks’ through qualitative data. Qualitative Research, 24(2), 433-443. https://doi-org.offcampus.lib.washington.edu/10.1177/14687941221128496 (Original work published 2024)",0,,0,,,,,,,,,,,,,,,,,,,,,,,,,1,,
JJ,10.1177/10497323221115584,10.1177/10497323221115584,"You Lose Confidence in Being a Human Being, Never Mind Being a Parent': The Lived Experience of Mothers With Spinal Cord Injury","Anne-Marie Casey, Maeve Nolan, and Elizabeth Nixon",2022,"Casey A-M, Nolan M, Nixon E. ‘You Lose Confidence in Being a Human Being, Never Mind Being a Parent’: The Lived Experience of Mothers With Spinal Cord Injury. Qualitative Health Research. 2022;32(11):1657-1671. doi:10.1177/10497323221115584",0,,0,,,,,,,,,,,,,,,,,,,,,,,,1,,,
JJ,10.1177/10497323221084924,10.1177/10497323221084924,Dialoguing With Images: An Expressive Arts Method for Health Research,"Christina H. West, Debra L. Dusome, Joanne Winsor, Andrea Winther Klippenstein, Lillian B. Rallison",2022,"West CH, Dusome DL, Winsor J, Winther Klippenstein A, Rallison LB. Dialoguing With Images: An Expressive Arts Method for Health Research. Qualitative Health Research. 2022;32(7):1055-1070. doi:10.1177/10497323221084924",5,,1,,,,,,,1,,,,,,,,,,5,,3,2,1,,,,,1,
JJ,10.1177/10778004211065811,10.1177/10778004211065811,Accidental Creatures: Whitehead's Creativity and the Clashing Intensities of More-Than-Human Life,David Rousell,2022,"Rousell, D. (2022). Accidental Creatures: Whitehead’s Creativity and the Clashing Intensities of More-Than-Human Life. Qualitative Inquiry, 28(5), 566-577. https://doi-org.offcampus.lib.washington.edu/10.1177/10778004211065811 (Original work published 2022)",11,4,0,,,,,,,,,,,,,,,,12,,,11,,,,,,1,,
JJ,10.1177/10778004221142807,10.1177/10778004221142807,Drawing Attention to the Wonders of Parental Care: A Methodological Inquiry,Mona-Lisa Angell,2022,"Angell, M.-L. (2022). Drawing Attention to the Wonders of Parental Care: A Methodological Inquiry. Qualitative Inquiry, 29(7), 861-873. https://doi-org.offcampus.lib.washington.edu/10.1177/10778004221142807 (Original work published 2023)",5,,0,,,,2,,,,,,1,,,,,,,2,,4,,1,,,1,,,
JJ,10.1177/10778004221144071,10.1177/10778004221144071,What Is It Like to Experience the Other in an Online Interview? Using Phenomenology to Explore the Online Encounter of the Other,"Brendan Hyde, Elizabeth Rouse",2022,"Hyde, B., & Rouse, E. (2022). What Is It Like to Experience the Other in an Online Interview? Using Phenomenology to Explore the Online Encounter of the Other. Qualitative Inquiry, 29(7), 874-881. https://doi-org.offcampus.lib.washington.edu/10.1177/10778004221144071 (Original work published 2023)",0,,0,,,,,,,,,,,,,,,,,,,,,,,,1,,,